{"train_accuracy": 0.41724137931034483, "validation_accuracy": 0.28, "test_accuracy": 0.3387096774193548}