{"train_accuracy": 0.41206896551724137, "validation_accuracy": 0.272, "test_accuracy": 0.3225806451612903}