{"train_accuracy": 0.4362068965517241, "validation_accuracy": 0.264, "test_accuracy": 0.3467741935483871}