{"train_accuracy": 0.43448275862068964, "validation_accuracy": 0.32, "test_accuracy": 0.3225806451612903}