{"train": {"accuracy": 0.7741379310344828, "inference_latency": 3.196329906068999e-05, "CrossEntropyLoss": 0.7022047391901277}, "val": {"accuracy": 0.792, "inference_latency": 3.2144546508789065e-05, "CrossEntropyLoss": 0.7150248736143112}, "test": {"accuracy": 0.7741935483870968, "inference_latency": 3.2257649206346084e-05, "CrossEntropyLoss": 0.7424769811332226}}