{"train_accuracy": 0.8655172413793103, "validation_accuracy": 0.312, "test_accuracy": 0.3790322580645161}