{"train_accuracy": 0.9431034482758621, "validation_accuracy": 0.344, "test_accuracy": 0.4112903225806452}