{"train_accuracy": 0.8568965517241379, "validation_accuracy": 0.384, "test_accuracy": 0.4032258064516129}