{"train_accuracy": 0.9672413793103448, "validation_accuracy": 0.808, "test_accuracy": 0.782258064516129}