{"train_accuracy": 0.8741379310344828, "validation_accuracy": 0.76, "test_accuracy": 0.7338709677419355}