{"train_RMSE": 118.86510957538225, "test_RMSE": 118.93398607133592, "train_R2": 0.21417056585449457, "test_R2": 0.14379974506593007}