{"validation_RMSE": 83.8340691313829, "train_RMSE": 110.12132052716544, "test_RMSE": 110.07614657021298, "train_R2": 0.3255304882215886, "test_R2": 0.2665849131136272}