{"train_RMSE": 118.217862424182, "valid_RMSE": 91.10367038828505, "test_RMSE": 118.77248056162003, "train_R2": 0.22270530028593405, "valid_R2": 0.21702525518635785, "test_R2": 0.14612350758825277}