{"train_RMSE": 120.57047067892596, "test_RMSE": 123.06244966357322, "train_R2": 0.1914601784774772, "test_R2": 0.08332683998894519}