{"train_RMSE": 0.7899586175835106, "valid_RMSE": 0.6126539498801172, "test_RMSE": 0.8128851902020485, "train_R2": 0.42177137795584907, "valid_R2": 0.41010069774216806, "test_R2": 0.3336640763180978}