{"train_RMSE": 100.86618219025175, "valid_RMSE": 81.26660434856116, "test_RMSE": 104.93787091440787, "train_R2": 0.4341378209405393, "valid_R2": 0.37698251890544643, "test_R2": 0.3334574158422825}