{"train_RMSE": 101.95334166012567, "valid_RMSE": 83.43884346326466, "test_RMSE": 103.32630904265088, "train_R2": 0.4218740928262138, "valid_R2": 0.34323113387820736, "test_R2": 0.3537727966835986}