{"valid_RMSE": 78.92706379891987, "train_RMSE": 102.4401567803584, "test_RMSE": 105.11262544101687, "train_R2": 0.41633994650459816, "valid_R2": 0.41233760739050096, "test_R2": 0.3312355616774706}