{"valid_RMSE": 0.5838832057186036, "train_RMSE": 0.7990982227496634, "test_RMSE": 0.8244306642223739, "train_R2": 0.40831408305426575, "valid_R2": 0.46420411430478026, "test_R2": 0.3146016121359153}