{"validation_RMSE": 82.67999851403694, "train_RMSE": 109.35680164066436, "test_RMSE": 109.14096457644396, "train_R2": 0.3348630087957717, "test_R2": 0.2789938332746643}