{"valid_RMSE": 82.55349434767854, "train_RMSE": 109.68202905364139, "test_RMSE": 111.25982144917076, "train_R2": 0.33090088757495295, "valid_R2": 0.35709481641131346, "test_R2": 0.25072693446247474}