{"valid_RMSE": 77.89410730092239, "train_RMSE": 102.70488526225283, "test_RMSE": 104.13779344690307, "train_R2": 0.41331943011765127, "valid_R2": 0.42761899283948424, "test_R2": 0.34358250669584045}