{"train": {"RMSE_loss": 84.54991068905348, "R_squared": null, "inference_latency": 0.0001410044472793053, "R2": 0.4463423601972979}, "val": {"RMSE_loss": 68.16655802726746, "R_squared": null, "inference_latency": 0.0001436271667480469, "R2": 0.3923372276002258}, "test": {"RMSE_loss": 93.32287383079529, "R_squared": null, "inference_latency": 0.0001448162140384797, "R2": 0.32131482815992574}}