{"train_RMSE": 110.3774106905949, "valid_RMSE": 95.60489655968112, "test_RMSE": 109.58007922843885, "train_R2": 0.3223898457909957, "valid_R2": 0.13774389610279425, "test_R2": 0.2731804105743868}