{"train_RMSE": 104.37751448553804, "valid_RMSE": 88.18425258945351, "test_RMSE": 106.33976193338454, "train_R2": 0.39405472476277315, "valid_R2": 0.2664020952243331, "test_R2": 0.3155294432453185}