{"train_RMSE": 4191967999.367749, "test_RMSE": 4255474492.7792926, "train_R2": -977361931236287.1, "test_R2": -1096123243693825.2}