{"train_RMSE": 0.7868039290659371, "valid_RMSE": 0.6137175347445016, "test_RMSE": 0.8135023936646099, "train_R2": 0.42638045198318897, "valid_R2": 0.4080507556218296, "test_R2": 0.33265182766144863}