{"train_RMSE": 100.76277306716368, "valid_RMSE": 80.7499293398632, "test_RMSE": 105.4044490405444, "train_R2": 0.4352974824878212, "valid_R2": 0.3848793490598733, "test_R2": 0.32751703295935153}