{"train_RMSE": 3759881306.5398355, "valid_RMSE": 3791733878.713733, "test_RMSE": 3744838894.945047, "train_R2": -786262878516721.0, "valid_R2": -1356287325968763.2, "test_R2": -848847514809190.0}