{"train_accuracy": 0.44655172413793104, "validation_accuracy": 0.408, "test_accuracy": 0.3951612903225806}