{"train_accuracy": 0.45517241379310347, "validation_accuracy": 0.408, "test_accuracy": 0.3790322580645161}