{"train_RMSE": 0.7414973778455008, "valid_RMSE": 0.6429227296651151, "test_RMSE": 0.7473844109057024, "train_R2": 0.4905399403394086, "valid_R2": 0.35037165406456616, "test_R2": 0.43672188867910955}