{"train_RMSE": 95.0685231272346, "valid_RMSE": 82.7903181662572, "test_RMSE": 95.20979554075055, "train_R2": 0.4973183913357263, "valid_R2": 0.3534008807031882, "test_R2": 0.4513104754090478}