{"train_RMSE": 79.01476747846391, "valid_RMSE": 81.56678488061912, "test_RMSE": 95.61806248688401, "train_R2": 0.6527549732242361, "valid_R2": 0.37237144597768324, "test_R2": 0.4465947403266387}