{"train_RMSE": 93.28861613810653, "valid_RMSE": 82.25671671984526, "test_RMSE": 96.63163405532464, "train_R2": 0.5159649587610908, "valid_R2": 0.3617089618587115, "test_R2": 0.4348001330050921}