{"train_RMSE": 93.39039601723087, "test_RMSE": 96.3055830830645, "train_R2": 0.5149081973976928, "test_R2": 0.43860785220180365}