{"train_accuracy": 0.803448275862069, "validation_accuracy": 0.304, "test_accuracy": 0.33064516129032256}