{"train_accuracy": 0.656896551724138, "validation_accuracy": 0.344, "test_accuracy": 0.3790322580645161}