{"train_accuracy": 0.8224137931034483, "validation_accuracy": 0.352, "test_accuracy": 0.3790322580645161}