{"train_RMSE": 0.4949999681352533, "valid_RMSE": 0.6703295071492614, "test_RMSE": 0.7552025165135496, "train_R2": 0.7729605924037204, "valid_R2": 0.2938059066663756, "test_R2": 0.42487577369286533}