{"train_RMSE": 61.21567120042448, "valid_RMSE": 87.14819308725566, "test_RMSE": 100.01139432190219, "train_R2": 0.7915774365789586, "valid_R2": 0.28353862952047104, "test_R2": 0.3945721874518455}