{"train_RMSE": 79.10734924860704, "test_RMSE": 102.19192648430524, "train_R2": 0.651940761032104, "test_R2": 0.3678843008026401}