{"train_RMSE": 79.10734924860704, "valid_RMSE": 82.40237267622702, "test_RMSE": 102.1813567078991, "train_R2": 0.651940761032104, "valid_R2": 0.3594464546896017, "test_R2": 0.3680150543035573}