{"train_RMSE": 70.2203499621927, "valid_RMSE": 85.6143036391815, "test_RMSE": 96.14958797882718, "train_R2": 0.7257507296478757, "valid_R2": 0.30853745111227016, "test_R2": 0.44042505734387793}