{"train_accuracy": 0.4517241379310345, "validation_accuracy": 0.408, "test_accuracy": 0.3951612903225806}