{"train_RMSE": 93.5826659031311, "test_RMSE": 99.34088056934988, "train_R2": 0.5129087507943868, "test_R2": 0.40266300279937495}