{"train_RMSE": 93.5826659031311, "valid_RMSE": 86.77190501732125, "test_RMSE": 99.34088056934988, "train_R2": 0.5129087507943868, "valid_R2": 0.2897123395390171, "test_R2": 0.40266300279937495}