{"train_RMSE": 93.09021677013851, "valid_RMSE": 86.50174774840158, "test_RMSE": 103.0559135634403, "train_R2": 0.5180215897428344, "valid_R2": 0.294128300176942, "test_R2": 0.3571506058919772}