{"train_RMSE": 0.7250362357111602, "valid_RMSE": 0.6722695359455452, "test_RMSE": 0.7696482826722245, "train_R2": 0.5129087507943868, "valid_R2": 0.2897123395390173, "test_R2": 0.4026630027993747}