{"train_RMSE": 1828143092.4064763, "test_RMSE": 1612493678.2578304, "train_R2": -185883085731675.66, "test_R2": -157383589122531.0}